_messagetimems,_messagetime,api,duration,ip,z,zz,zzz,zzzz,_raw
1.68E+12,12/04/2023 11:35:46.275 +0530,paste-data,1,"\""ip\"":\""10.130.186.102\""","{""log"":""[2023-04-12T06:05:46.275"," INFO index.js [line:1591,test_id:TES10104262471681279382297323","{\""time\""","""}","{""log"":""[2023-04-12T06:05:46.275] INFO index.js [line:1591,test_id:TES10104262471681279382297323] paste-data response-time - {\""time\"":1,\""ip\"":\""10.130.186.102\""}""}"
1.68E+12,12/04/2023 11:35:46.274 +0530,update-proxy,13,"\""ip\"":\""10.130.186.102\""","{""log"":""[2023-04-12T06:05:46.274"," INFO index.js [line:1558,test_id:TES10104262471681279382297323","{\""time\""","""}","{""log"":""[2023-04-12T06:05:46.274] INFO index.js [line:1558,test_id:TES10104262471681279382297323] update-proxy response-time - {\""time\"":13,\""ip\"":\""10.130.186.102\""}""}"
1.68E+12,12/04/2023 11:33:03.095 +0530,request-browser-launch,201,"\""ip\"":\""10.130.186.102\""","{""log"":""[2023-04-12T06:03:03.095"," INFO test.js [line:4729,test_id:TES10104262471681279382297323,email:saraths@lambdatest.com","{\""time\""","""}","{""log"":""[2023-04-12T06:03:03.095] INFO test.js [line:4729,test_id:TES10104262471681279382297323,email:saraths@lambdatest.com] request-browser-launch response-time - {\""time\"":201,\""ip\"":\""10.130.186.102\""}""}"
1.68E+12,12/04/2023 11:31:45.000 +0530,clean-browser,62,"\""ip\"":\""10.130.186.102\""","{""log"":""[2023-04-12T06:01:45.225"," INFO index.js [line:124,test_id:TES10104262471681278567391279","{\""time\""","""}","{""log"":""[2023-04-12T06:01:45.225] INFO index.js [line:124,test_id:TES10104262471681278567391279] clean-browser response-time - {\""time\"":62,\""ip\"":\""10.130.186.102\""}""}"
1.68E+12,12/04/2023 11:31:09.423 +0530,change-resolution,55,"\""ip\"":\""10.130.186.102\""","{""log"":""[2023-04-12T06:01:09.423"," INFO index.js [line:486,test_id:TES10104262471681278567391279","{\""time\""","""}","{""log"":""[2023-04-12T06:01:09.423] INFO index.js [line:486,test_id:TES10104262471681278567391279] change-resolution response-time - {\""time\"":55,\""ip\"":\""10.130.186.102\""}""}"
1.68E+12,12/04/2023 11:27:12.626 +0530,system-action,41,"\""ip\"":\""10.130.186.102\""","{""log"":""[2023-04-12T05:57:12.626"," INFO index.js [line:1294,test_id:undefined","{\""time\""","""}","{""log"":""[2023-04-12T05:57:12.626] INFO index.js [line:1294,test_id:undefined] system-action response-time - {\""time\"":41,\""ip\"":\""10.130.186.102\""}""}"
1.68E+12,12/04/2023 11:22:11.015 +0530,paste-data,1,"\""ip\"":\""10.130.186.102\""","{""log"":""[2023-04-12T05:52:11.015"," INFO index.js [line:1591,test_id:TES10104262471681278567391279","{\""time\""","""}","{""log"":""[2023-04-12T05:52:11.015] INFO index.js [line:1591,test_id:TES10104262471681278567391279] paste-data response-time - {\""time\"":1,\""ip\"":\""10.130.186.102\""}""}"
1.68E+12,12/04/2023 11:22:11.014 +0530,update-proxy,15,"\""ip\"":\""10.130.186.102\""","{""log"":""[2023-04-12T05:52:11.014"," INFO index.js [line:1558,test_id:TES10104262471681278567391279","{\""time\""","""}","{""log"":""[2023-04-12T05:52:11.014] INFO index.js [line:1558,test_id:TES10104262471681278567391279] update-proxy response-time - {\""time\"":15,\""ip\"":\""10.130.186.102\""}""}"
1.68E+12,12/04/2023 11:19:28.300 +0530,request-browser-launch,245,"\""ip\"":\""10.130.186.102\""","{""log"":""[2023-04-12T05:49:28.300"," INFO test.js [line:4729,test_id:TES10104262471681278567391279,email:saraths@lambdatest.com","{\""time\""","""}","{""log"":""[2023-04-12T05:49:28.300] INFO test.js [line:4729,test_id:TES10104262471681278567391279,email:saraths@lambdatest.com] request-browser-launch response-time - {\""time\"":245,\""ip\"":\""10.130.186.102\""}""}"
1.68E+12,12/04/2023 06:34:07.000 +0530,system-action,33,"\""ip\"":\""10.130.186.102\""","{""log"":""[2023-04-12T01:04:07.030"," INFO index.js [line:1294,test_id:undefined","{\""time\""","""}","{""log"":""[2023-04-12T01:04:07.030] INFO index.js [line:1294,test_id:undefined] system-action response-time - {\""time\"":33,\""ip\"":\""10.130.186.102\""}""}"
1.68E+12,12/04/2023 06:30:46.000 +0530,paste-data,1,"\""ip\"":\""10.130.186.102\""","{""log"":""[2023-04-12T01:00:46.025"," INFO index.js [line:1591,test_id:TES10104181331681261079129550","{\""time\""","""}","{""log"":""[2023-04-12T01:00:46.025] INFO index.js [line:1591,test_id:TES10104181331681261079129550] paste-data response-time - {\""time\"":1,\""ip\"":\""10.130.186.102\""}""}"
1.68E+12,12/04/2023 06:30:46.000 +0530,update-proxy,10,"\""ip\"":\""10.130.186.102\""","{""log"":""[2023-04-12T01:00:46.024"," INFO index.js [line:1558,test_id:TES10104181331681261079129550","{\""time\""","""}","{""log"":""[2023-04-12T01:00:46.024] INFO index.js [line:1558,test_id:TES10104181331681261079129550] update-proxy response-time - {\""time\"":10,\""ip\"":\""10.130.186.102\""}""}"
1.68E+12,12/04/2023 06:28:00.356 +0530,request-browser-launch,475,"\""ip\"":\""10.130.186.102\""","{""log"":""[2023-04-12T00:58:00.356"," INFO test.js [line:4729,test_id:TES10104181331681261079129550,email:saraths@lambdatest.com","{\""time\""","""}","{""log"":""[2023-04-12T00:58:00.356] INFO test.js [line:4729,test_id:TES10104181331681261079129550,email:saraths@lambdatest.com] request-browser-launch response-time - {\""time\"":475,\""ip\"":\""10.130.186.102\""}""}"
1.68E+12,12/04/2023 04:58:35.275 +0530,clean-browser,14,"\""ip\"":\""10.130.186.102\""","{""log"":""[2023-04-11T23:28:35.275"," INFO index.js [line:124,test_id:TES1010428671681255410709126","{\""time\""","""}","{""log"":""[2023-04-11T23:28:35.275] INFO index.js [line:124,test_id:TES1010428671681255410709126] clean-browser response-time - {\""time\"":14,\""ip\"":\""10.130.186.102\""}""}"
1.68E+12,12/04/2023 04:53:31.447 +0530,request-browser-launch,199,"\""ip\"":\""10.130.186.102\""","{""log"":""[2023-04-11T23:23:31.447"," INFO test.js [line:4729,test_id:TES1010428671681255410709126,email:saraths@lambdatest.com","{\""time\""","""}","{""log"":""[2023-04-11T23:23:31.447] INFO test.js [line:4729,test_id:TES1010428671681255410709126,email:saraths@lambdatest.com] request-browser-launch response-time - {\""time\"":199,\""ip\"":\""10.130.186.102\""}""}"
1.68E+12,12/04/2023 04:52:03.256 +0530,clean-browser,62,"\""ip\"":\""10.130.186.102\""","{""log"":""[2023-04-11T23:22:03.256"," INFO index.js [line:124,test_id:TES1010428671681254577449617","{\""time\""","""}","{""log"":""[2023-04-11T23:22:03.256] INFO index.js [line:124,test_id:TES1010428671681254577449617] clean-browser response-time - {\""time\"":62,\""ip\"":\""10.130.186.102\""}""}"
1.68E+12,12/04/2023 04:47:04.203 +0530,change-resolution,314,"\""ip\"":\""10.130.186.102\""","{""log"":""[2023-04-11T23:17:04.203"," INFO index.js [line:486,test_id:TES1010428671681254577449617","{\""time\""","""}","{""log"":""[2023-04-11T23:17:04.203] INFO index.js [line:486,test_id:TES1010428671681254577449617] change-resolution response-time - {\""time\"":314,\""ip\"":\""10.130.186.102\""}""}"
1.68E+12,12/04/2023 04:46:13.776 +0530,update-display-scale,74,"\""ip\"":\""10.130.186.102\""","{""log"":""[2023-04-11T23:16:13.776"," INFO index.js [line:1060,test_id:TES1010428671681254577449617","{\""time\""","""}","{""log"":""[2023-04-11T23:16:13.776] INFO index.js [line:1060,test_id:TES1010428671681254577449617] update-display-scale response-time - {\""time\"":74,\""ip\"":\""10.130.186.102\""}""}"
1.68E+12,12/04/2023 04:45:27.826 +0530,system-action,34,"\""ip\"":\""10.130.186.102\""","{""log"":""[2023-04-11T23:15:27.826"," INFO index.js [line:1294,test_id:undefined","{\""time\""","""}","{""log"":""[2023-04-11T23:15:27.826] INFO index.js [line:1294,test_id:undefined] system-action response-time - {\""time\"":34,\""ip\"":\""10.130.186.102\""}""}"
1.68E+12,12/04/2023 04:42:20.126 +0530,paste-data,0,"\""ip\"":\""10.130.186.102\""","{""log"":""[2023-04-11T23:12:20.126"," INFO index.js [line:1591,test_id:TES1010428671681254577449617","{\""time\""","""}","{""log"":""[2023-04-11T23:12:20.126] INFO index.js [line:1591,test_id:TES1010428671681254577449617] paste-data response-time - {\""time\"":0,\""ip\"":\""10.130.186.102\""}""}"
1.68E+12,12/04/2023 04:42:20.125 +0530,update-proxy,15,"\""ip\"":\""10.130.186.102\""","{""log"":""[2023-04-11T23:12:20.125"," INFO index.js [line:1558,test_id:TES1010428671681254577449617","{\""time\""","""}","{""log"":""[2023-04-11T23:12:20.125] INFO index.js [line:1558,test_id:TES1010428671681254577449617] update-proxy response-time - {\""time\"":15,\""ip\"":\""10.130.186.102\""}""}"
1.68E+12,12/04/2023 04:39:38.261 +0530,request-browser-launch,202,"\""ip\"":\""10.130.186.102\""","{""log"":""[2023-04-11T23:09:38.261"," INFO test.js [line:4729,test_id:TES1010428671681254577449617,email:saraths@lambdatest.com","{\""time\""","""}","{""log"":""[2023-04-11T23:09:38.261] INFO test.js [line:4729,test_id:TES1010428671681254577449617,email:saraths@lambdatest.com] request-browser-launch response-time - {\""time\"":202,\""ip\"":\""10.130.186.102\""}""}"
1.68E+12,12/04/2023 04:38:07.582 +0530,clean-browser,21,"\""ip\"":\""10.130.186.102\""","{""log"":""[2023-04-11T23:08:07.582"," INFO index.js [line:124,test_id:TES1010428671681253731517962","{\""time\""","""}","{""log"":""[2023-04-11T23:08:07.582] INFO index.js [line:124,test_id:TES1010428671681253731517962] clean-browser response-time - {\""time\"":21,\""ip\"":\""10.130.186.102\""}""}"
1.68E+12,12/04/2023 04:33:06.034 +0530,change-resolution,359,"\""ip\"":\""10.130.186.102\""","{""log"":""[2023-04-11T23:03:06.034"," INFO index.js [line:486,test_id:TES1010428671681253731517962","{\""time\""","""}","{""log"":""[2023-04-11T23:03:06.034] INFO index.js [line:486,test_id:TES1010428671681253731517962] change-resolution response-time - {\""time\"":359,\""ip\"":\""10.130.186.102\""}""}"
1.68E+12,12/04/2023 04:32:15.000 +0530,update-display-scale,70,"\""ip\"":\""10.130.186.102\""","{""log"":""[2023-04-11T23:02:15.919"," INFO index.js [line:1060,test_id:TES1010428671681253731517962","{\""time\""","""}","{""log"":""[2023-04-11T23:02:15.919] INFO index.js [line:1060,test_id:TES1010428671681253731517962] update-display-scale response-time - {\""time\"":70,\""ip\"":\""10.130.186.102\""}""}"
1.68E+12,12/04/2023 04:31:29.577 +0530,system-action,31,"\""ip\"":\""10.130.186.102\""","{""log"":""[2023-04-11T23:01:29.577"," INFO index.js [line:1294,test_id:undefined","{\""time\""","""}","{""log"":""[2023-04-11T23:01:29.577] INFO index.js [line:1294,test_id:undefined] system-action response-time - {\""time\"":31,\""ip\"":\""10.130.186.102\""}""}"
1.68E+12,12/04/2023 04:28:15.901 +0530,paste-data,1,"\""ip\"":\""10.130.186.102\""","{""log"":""[2023-04-11T22:58:15.901"," INFO index.js [line:1591,test_id:TES1010428671681253731517962","{\""time\""","""}","{""log"":""[2023-04-11T22:58:15.901] INFO index.js [line:1591,test_id:TES1010428671681253731517962] paste-data response-time - {\""time\"":1,\""ip\"":\""10.130.186.102\""}""}"
1.68E+12,12/04/2023 04:28:15.900 +0530,update-proxy,13,"\""ip\"":\""10.130.186.102\""","{""log"":""[2023-04-11T22:58:15.900"," INFO index.js [line:1558,test_id:TES1010428671681253731517962","{\""time\""","""}","{""log"":""[2023-04-11T22:58:15.900] INFO index.js [line:1558,test_id:TES1010428671681253731517962] update-proxy response-time - {\""time\"":13,\""ip\"":\""10.130.186.102\""}""}"
1.68E+12,12/04/2023 04:25:32.363 +0530,request-browser-launch,191,"\""ip\"":\""10.130.186.102\""","{""log"":""[2023-04-11T22:55:32.363"," INFO test.js [line:4729,test_id:TES1010428671681253731517962,email:saraths@lambdatest.com","{\""time\""","""}","{""log"":""[2023-04-11T22:55:32.363] INFO test.js [line:4729,test_id:TES1010428671681253731517962,email:saraths@lambdatest.com] request-browser-launch response-time - {\""time\"":191,\""ip\"":\""10.130.186.102\""}""}"
1.68E+12,12/04/2023 04:24:04.230 +0530,clean-browser,13,"\""ip\"":\""10.130.186.102\""","{""log"":""[2023-04-11T22:54:04.230"," INFO index.js [line:124,test_id:TES1010428671681252910285577","{\""time\""","""}","{""log"":""[2023-04-11T22:54:04.230] INFO index.js [line:124,test_id:TES1010428671681252910285577] clean-browser response-time - {\""time\"":13,\""ip\"":\""10.130.186.102\""}""}"
1.68E+12,12/04/2023 04:19:05.335 +0530,change-resolution,348,"\""ip\"":\""10.130.186.102\""","{""log"":""[2023-04-11T22:49:05.335"," INFO index.js [line:486,test_id:TES1010428671681252910285577","{\""time\""","""}","{""log"":""[2023-04-11T22:49:05.335] INFO index.js [line:486,test_id:TES1010428671681252910285577] change-resolution response-time - {\""time\"":348,\""ip\"":\""10.130.186.102\""}""}"
1.68E+12,12/04/2023 04:18:14.303 +0530,update-display-scale,60,"\""ip\"":\""10.130.186.102\""","{""log"":""[2023-04-11T22:48:14.303"," INFO index.js [line:1060,test_id:TES1010428671681252910285577","{\""time\""","""}","{""log"":""[2023-04-11T22:48:14.303] INFO index.js [line:1060,test_id:TES1010428671681252910285577] update-display-scale response-time - {\""time\"":60,\""ip\"":\""10.130.186.102\""}""}"
1.68E+12,12/04/2023 04:17:28.358 +0530,system-action,34,"\""ip\"":\""10.130.186.102\""","{""log"":""[2023-04-11T22:47:28.358"," INFO index.js [line:1294,test_id:undefined","{\""time\""","""}","{""log"":""[2023-04-11T22:47:28.358] INFO index.js [line:1294,test_id:undefined] system-action response-time - {\""time\"":34,\""ip\"":\""10.130.186.102\""}""}"
1.68E+12,12/04/2023 04:14:33.415 +0530,paste-data,0,"\""ip\"":\""10.130.186.102\""","{""log"":""[2023-04-11T22:44:33.415"," INFO index.js [line:1591,test_id:TES1010428671681252910285577","{\""time\""","""}","{""log"":""[2023-04-11T22:44:33.415] INFO index.js [line:1591,test_id:TES1010428671681252910285577] paste-data response-time - {\""time\"":0,\""ip\"":\""10.130.186.102\""}""}"
1.68E+12,12/04/2023 04:14:33.415 +0530,update-proxy,15,"\""ip\"":\""10.130.186.102\""","{""log"":""[2023-04-11T22:44:33.415"," INFO index.js [line:1558,test_id:TES1010428671681252910285577","{\""time\""","""}","{""log"":""[2023-04-11T22:44:33.415] INFO index.js [line:1558,test_id:TES1010428671681252910285577] update-proxy response-time - {\""time\"":15,\""ip\"":\""10.130.186.102\""}""}"
1.68E+12,12/04/2023 04:11:51.061 +0530,request-browser-launch,187,"\""ip\"":\""10.130.186.102\""","{""log"":""[2023-04-11T22:41:51.061"," INFO test.js [line:4729,test_id:TES1010428671681252910285577,email:saraths@lambdatest.com","{\""time\""","""}","{""log"":""[2023-04-11T22:41:51.061] INFO test.js [line:4729,test_id:TES1010428671681252910285577,email:saraths@lambdatest.com] request-browser-launch response-time - {\""time\"":187,\""ip\"":\""10.130.186.102\""}""}"
1.68E+12,12/04/2023 04:10:24.225 +0530,clean-browser,58,"\""ip\"":\""10.130.186.102\""","{""log"":""[2023-04-11T22:40:24.225"," INFO index.js [line:124,test_id:TES1010428671681252092163646","{\""time\""","""}","{""log"":""[2023-04-11T22:40:24.225] INFO index.js [line:124,test_id:TES1010428671681252092163646] clean-browser response-time - {\""time\"":58,\""ip\"":\""10.130.186.102\""}""}"
1.68E+12,12/04/2023 04:05:25.380 +0530,change-resolution,278,"\""ip\"":\""10.130.186.102\""","{""log"":""[2023-04-11T22:35:25.380"," INFO index.js [line:486,test_id:TES1010428671681252092163646","{\""time\""","""}","{""log"":""[2023-04-11T22:35:25.380] INFO index.js [line:486,test_id:TES1010428671681252092163646] change-resolution response-time - {\""time\"":278,\""ip\"":\""10.130.186.102\""}""}"
1.68E+12,12/04/2023 04:04:35.048 +0530,update-display-scale,69,"\""ip\"":\""10.130.186.102\""","{""log"":""[2023-04-11T22:34:35.048"," INFO index.js [line:1060,test_id:TES1010428671681252092163646","{\""time\""","""}","{""log"":""[2023-04-11T22:34:35.048] INFO index.js [line:1060,test_id:TES1010428671681252092163646] update-display-scale response-time - {\""time\"":69,\""ip\"":\""10.130.186.102\""}""}"
1.68E+12,12/04/2023 04:00:55.439 +0530,paste-data,1,"\""ip\"":\""10.130.186.102\""","{""log"":""[2023-04-11T22:30:55.439"," INFO index.js [line:1591,test_id:TES1010428671681252092163646","{\""time\""","""}","{""log"":""[2023-04-11T22:30:55.439] INFO index.js [line:1591,test_id:TES1010428671681252092163646] paste-data response-time - {\""time\"":1,\""ip\"":\""10.130.186.102\""}""}"
1.68E+12,12/04/2023 04:00:55.438 +0530,update-proxy,11,"\""ip\"":\""10.130.186.102\""","{""log"":""[2023-04-11T22:30:55.438"," INFO index.js [line:1558,test_id:TES1010428671681252092163646","{\""time\""","""}","{""log"":""[2023-04-11T22:30:55.438] INFO index.js [line:1558,test_id:TES1010428671681252092163646] update-proxy response-time - {\""time\"":11,\""ip\"":\""10.130.186.102\""}""}"
1.68E+12,12/04/2023 03:58:13.013 +0530,request-browser-launch,192,"\""ip\"":\""10.130.186.102\""","{""log"":""[2023-04-11T22:28:13.013"," INFO test.js [line:4729,test_id:TES1010428671681252092163646,email:saraths@lambdatest.com","{\""time\""","""}","{""log"":""[2023-04-11T22:28:13.013] INFO test.js [line:4729,test_id:TES1010428671681252092163646,email:saraths@lambdatest.com] request-browser-launch response-time - {\""time\"":192,\""ip\"":\""10.130.186.102\""}""}"
1.68E+12,12/04/2023 03:56:44.568 +0530,clean-browser,16,"\""ip\"":\""10.130.186.102\""","{""log"":""[2023-04-11T22:26:44.568"," INFO index.js [line:124,test_id:TES1010428671681251259826551","{\""time\""","""}","{""log"":""[2023-04-11T22:26:44.568] INFO index.js [line:124,test_id:TES1010428671681251259826551] clean-browser response-time - {\""time\"":16,\""ip\"":\""10.130.186.102\""}""}"
1.68E+12,12/04/2023 03:51:45.333 +0530,change-resolution,284,"\""ip\"":\""10.130.186.102\""","{""log"":""[2023-04-11T22:21:45.333"," INFO index.js [line:486,test_id:TES1010428671681251259826551","{\""time\""","""}","{""log"":""[2023-04-11T22:21:45.333] INFO index.js [line:486,test_id:TES1010428671681251259826551] change-resolution response-time - {\""time\"":284,\""ip\"":\""10.130.186.102\""}""}"
1.68E+12,12/04/2023 03:50:55.143 +0530,update-display-scale,111,"\""ip\"":\""10.130.186.102\""","{""log"":""[2023-04-11T22:20:55.143"," INFO index.js [line:1060,test_id:TES1010428671681251259826551","{\""time\""","""}","{""log"":""[2023-04-11T22:20:55.143] INFO index.js [line:1060,test_id:TES1010428671681251259826551] update-display-scale response-time - {\""time\"":111,\""ip\"":\""10.130.186.102\""}""}"
1.68E+12,12/04/2023 03:50:08.774 +0530,system-action,30,"\""ip\"":\""10.130.186.102\""","{""log"":""[2023-04-11T22:20:08.774"," INFO index.js [line:1294,test_id:undefined","{\""time\""","""}","{""log"":""[2023-04-11T22:20:08.774] INFO index.js [line:1294,test_id:undefined] system-action response-time - {\""time\"":30,\""ip\"":\""10.130.186.102\""}""}"
1.68E+12,12/04/2023 03:47:03.000 +0530,paste-data,1,"\""ip\"":\""10.130.186.102\""","{""log"":""[2023-04-11T22:17:03.081"," INFO index.js [line:1591,test_id:TES1010428671681251259826551","{\""time\""","""}","{""log"":""[2023-04-11T22:17:03.081] INFO index.js [line:1591,test_id:TES1010428671681251259826551] paste-data response-time - {\""time\"":1,\""ip\"":\""10.130.186.102\""}""}"
1.68E+12,12/04/2023 03:47:03.000 +0530,update-proxy,18,"\""ip\"":\""10.130.186.102\""","{""log"":""[2023-04-11T22:17:03.080"," INFO index.js [line:1558,test_id:TES1010428671681251259826551","{\""time\""","""}","{""log"":""[2023-04-11T22:17:03.080] INFO index.js [line:1558,test_id:TES1010428671681251259826551] update-proxy response-time - {\""time\"":18,\""ip\"":\""10.130.186.102\""}""}"
1.68E+12,12/04/2023 03:44:20.730 +0530,request-browser-launch,218,"\""ip\"":\""10.130.186.102\""","{""log"":""[2023-04-11T22:14:20.730"," INFO test.js [line:4729,test_id:TES1010428671681251259826551,email:saraths@lambdatest.com","{\""time\""","""}","{""log"":""[2023-04-11T22:14:20.730] INFO test.js [line:4729,test_id:TES1010428671681251259826551,email:saraths@lambdatest.com] request-browser-launch response-time - {\""time\"":218,\""ip\"":\""10.130.186.102\""}""}"
1.68E+12,12/04/2023 03:42:52.241 +0530,clean-browser,17,"\""ip\"":\""10.130.186.102\""","{""log"":""[2023-04-11T22:12:52.241"," INFO index.js [line:124,test_id:TES1010428671681249294747266","{\""time\""","""}","{""log"":""[2023-04-11T22:12:52.241] INFO index.js [line:124,test_id:TES1010428671681249294747266] clean-browser response-time - {\""time\"":17,\""ip\"":\""10.130.186.102\""}""}"
1.68E+12,12/04/2023 03:21:11.750 +0530,change-resolution,58,"\""ip\"":\""10.130.186.102\""","{""log"":""[2023-04-11T21:51:11.750"," INFO index.js [line:486,test_id:TES1010428671681249294747266","{\""time\""","""}","{""log"":""[2023-04-11T21:51:11.750] INFO index.js [line:486,test_id:TES1010428671681249294747266] change-resolution response-time - {\""time\"":58,\""ip\"":\""10.130.186.102\""}""}"
1.68E+12,12/04/2023 03:18:00.079 +0530,update-display-scale,31,"\""ip\"":\""10.130.186.102\""","{""log"":""[2023-04-11T21:48:00.079"," INFO index.js [line:1060,test_id:TES1010428671681249294747266","{\""time\""","""}","{""log"":""[2023-04-11T21:48:00.079] INFO index.js [line:1060,test_id:TES1010428671681249294747266] update-display-scale response-time - {\""time\"":31,\""ip\"":\""10.130.186.102\""}""}"
1.68E+12,12/04/2023 03:17:13.369 +0530,system-action,32,"\""ip\"":\""10.130.186.102\""","{""log"":""[2023-04-11T21:47:13.369"," INFO index.js [line:1294,test_id:undefined","{\""time\""","""}","{""log"":""[2023-04-11T21:47:13.369] INFO index.js [line:1294,test_id:undefined] system-action response-time - {\""time\"":32,\""ip\"":\""10.130.186.102\""}""}"
1.68E+12,12/04/2023 03:14:17.838 +0530,paste-data,1,"\""ip\"":\""10.130.186.102\""","{""log"":""[2023-04-11T21:44:17.838"," INFO index.js [line:1591,test_id:TES1010428671681249294747266","{\""time\""","""}","{""log"":""[2023-04-11T21:44:17.838] INFO index.js [line:1591,test_id:TES1010428671681249294747266] paste-data response-time - {\""time\"":1,\""ip\"":\""10.130.186.102\""}""}"
1.68E+12,12/04/2023 03:14:17.837 +0530,update-proxy,11,"\""ip\"":\""10.130.186.102\""","{""log"":""[2023-04-11T21:44:17.837"," INFO index.js [line:1558,test_id:TES1010428671681249294747266","{\""time\""","""}","{""log"":""[2023-04-11T21:44:17.837] INFO index.js [line:1558,test_id:TES1010428671681249294747266] update-proxy response-time - {\""time\"":11,\""ip\"":\""10.130.186.102\""}""}"
1.68E+12,12/04/2023 03:11:35.495 +0530,request-browser-launch,200,"\""ip\"":\""10.130.186.102\""","{""log"":""[2023-04-11T21:41:35.495"," INFO test.js [line:4729,test_id:TES1010428671681249294747266,email:saraths@lambdatest.com","{\""time\""","""}","{""log"":""[2023-04-11T21:41:35.495] INFO test.js [line:4729,test_id:TES1010428671681249294747266,email:saraths@lambdatest.com] request-browser-launch response-time - {\""time\"":200,\""ip\"":\""10.130.186.102\""}""}"
1.68E+12,12/04/2023 03:10:26.194 +0530,clean-browser,14,"\""ip\"":\""10.130.186.102\""","{""log"":""[2023-04-11T21:40:26.194"," INFO index.js [line:124,test_id:TES1010428671681248628913704","{\""time\""","""}","{""log"":""[2023-04-11T21:40:26.194] INFO index.js [line:124,test_id:TES1010428671681248628913704] clean-browser response-time - {\""time\"":14,\""ip\"":\""10.130.186.102\""}""}"
1.68E+12,12/04/2023 03:09:48.806 +0530,change-resolution,61,"\""ip\"":\""10.130.186.102\""","{""log"":""[2023-04-11T21:39:48.806"," INFO index.js [line:486,test_id:TES1010428671681248628913704","{\""time\""","""}","{""log"":""[2023-04-11T21:39:48.806] INFO index.js [line:486,test_id:TES1010428671681248628913704] change-resolution response-time - {\""time\"":61,\""ip\"":\""10.130.186.102\""}""}"
1.68E+12,12/04/2023 03:06:38.504 +0530,update-display-scale,31,"\""ip\"":\""10.130.186.102\""","{""log"":""[2023-04-11T21:36:38.504"," INFO index.js [line:1060,test_id:TES1010428671681248628913704","{\""time\""","""}","{""log"":""[2023-04-11T21:36:38.504] INFO index.js [line:1060,test_id:TES1010428671681248628913704] update-display-scale response-time - {\""time\"":31,\""ip\"":\""10.130.186.102\""}""}"
1.68E+12,12/04/2023 03:05:53.733 +0530,system-action,34,"\""ip\"":\""10.130.186.102\""","{""log"":""[2023-04-11T21:35:53.733"," INFO index.js [line:1294,test_id:undefined","{\""time\""","""}","{""log"":""[2023-04-11T21:35:53.733] INFO index.js [line:1294,test_id:undefined] system-action response-time - {\""time\"":34,\""ip\"":\""10.130.186.102\""}""}"
1.68E+12,12/04/2023 03:03:08.684 +0530,paste-data,1,"\""ip\"":\""10.130.186.102\""","{""log"":""[2023-04-11T21:33:08.684"," INFO index.js [line:1591,test_id:TES1010428671681248628913704","{\""time\""","""}","{""log"":""[2023-04-11T21:33:08.684] INFO index.js [line:1591,test_id:TES1010428671681248628913704] paste-data response-time - {\""time\"":1,\""ip\"":\""10.130.186.102\""}""}"
1.68E+12,12/04/2023 03:03:08.683 +0530,update-proxy,18,"\""ip\"":\""10.130.186.102\""","{""log"":""[2023-04-11T21:33:08.683"," INFO index.js [line:1558,test_id:TES1010428671681248628913704","{\""time\""","""}","{""log"":""[2023-04-11T21:33:08.683] INFO index.js [line:1558,test_id:TES1010428671681248628913704] update-proxy response-time - {\""time\"":18,\""ip\"":\""10.130.186.102\""}""}"
1.68E+12,12/04/2023 03:00:29.677 +0530,request-browser-launch,195,"\""ip\"":\""10.130.186.102\""","{""log"":""[2023-04-11T21:30:29.677"," INFO test.js [line:4729,test_id:TES1010428671681248628913704,email:saraths@lambdatest.com","{\""time\""","""}","{""log"":""[2023-04-11T21:30:29.677] INFO test.js [line:4729,test_id:TES1010428671681248628913704,email:saraths@lambdatest.com] request-browser-launch response-time - {\""time\"":195,\""ip\"":\""10.130.186.102\""}""}"
1.68E+12,12/04/2023 02:59:09.910 +0530,clean-browser,26,"\""ip\"":\""10.130.186.102\""","{""log"":""[2023-04-11T21:29:09.910"," INFO index.js [line:124,test_id:TES1010428671681247921160433","{\""time\""","""}","{""log"":""[2023-04-11T21:29:09.910] INFO index.js [line:124,test_id:TES1010428671681247921160433] clean-browser response-time - {\""time\"":26,\""ip\"":\""10.130.186.102\""}""}"
1.68E+12,12/04/2023 02:58:31.827 +0530,change-resolution,59,"\""ip\"":\""10.130.186.102\""","{""log"":""[2023-04-11T21:28:31.827"," INFO index.js [line:486,test_id:TES1010428671681247921160433","{\""time\""","""}","{""log"":""[2023-04-11T21:28:31.827] INFO index.js [line:486,test_id:TES1010428671681247921160433] change-resolution response-time - {\""time\"":59,\""ip\"":\""10.130.186.102\""}""}"
1.68E+12,12/04/2023 02:55:18.810 +0530,update-display-scale,27,"\""ip\"":\""10.130.186.102\""","{""log"":""[2023-04-11T21:25:18.810"," INFO index.js [line:1060,test_id:TES1010428671681247921160433","{\""time\""","""}","{""log"":""[2023-04-11T21:25:18.810] INFO index.js [line:1060,test_id:TES1010428671681247921160433] update-display-scale response-time - {\""time\"":27,\""ip\"":\""10.130.186.102\""}""}"
1.68E+12,12/04/2023 02:54:30.982 +0530,system-action,40,"\""ip\"":\""10.130.186.102\""","{""log"":""[2023-04-11T21:24:30.982"," INFO index.js [line:1294,test_id:undefined","{\""time\""","""}","{""log"":""[2023-04-11T21:24:30.982] INFO index.js [line:1294,test_id:undefined] system-action response-time - {\""time\"":40,\""ip\"":\""10.130.186.102\""}""}"
1.68E+12,12/04/2023 02:51:26.760 +0530,paste-data,1,"\""ip\"":\""10.130.186.102\""","{""log"":""[2023-04-11T21:21:26.760"," INFO index.js [line:1591,test_id:TES1010428671681247921160433","{\""time\""","""}","{""log"":""[2023-04-11T21:21:26.760] INFO index.js [line:1591,test_id:TES1010428671681247921160433] paste-data response-time - {\""time\"":1,\""ip\"":\""10.130.186.102\""}""}"
1.68E+12,12/04/2023 02:51:26.759 +0530,update-proxy,14,"\""ip\"":\""10.130.186.102\""","{""log"":""[2023-04-11T21:21:26.759"," INFO index.js [line:1558,test_id:TES1010428671681247921160433","{\""time\""","""}","{""log"":""[2023-04-11T21:21:26.759] INFO index.js [line:1558,test_id:TES1010428671681247921160433] update-proxy response-time - {\""time\"":14,\""ip\"":\""10.130.186.102\""}""}"
1.68E+12,12/04/2023 02:48:42.455 +0530,request-browser-launch,629,"\""ip\"":\""10.130.186.102\""","{""log"":""[2023-04-11T21:18:42.455"," INFO test.js [line:4729,test_id:TES1010428671681247921160433,email:saraths@lambdatest.com","{\""time\""","""}","{""log"":""[2023-04-11T21:18:42.455] INFO test.js [line:4729,test_id:TES1010428671681247921160433,email:saraths@lambdatest.com] request-browser-launch response-time - {\""time\"":629,\""ip\"":\""10.130.186.102\""}""}"
1.68E+12,12/04/2023 01:42:12.980 +0530,system-action,27,"\""ip\"":\""10.130.186.102\""","{""log"":""[2023-04-11T20:12:12.980"," INFO index.js [line:1294,test_id:undefined","{\""time\""","""}","{""log"":""[2023-04-11T20:12:12.980] INFO index.js [line:1294,test_id:undefined] system-action response-time - {\""time\"":27,\""ip\"":\""10.130.186.102\""}""}"
1.68E+12,12/04/2023 01:39:19.064 +0530,paste-data,0,"\""ip\"":\""10.130.186.102\""","{""log"":""[2023-04-11T20:09:19.064"," INFO index.js [line:1591,test_id:TES10104301621681243595951975","{\""time\""","""}","{""log"":""[2023-04-11T20:09:19.064] INFO index.js [line:1591,test_id:TES10104301621681243595951975] paste-data response-time - {\""time\"":0,\""ip\"":\""10.130.186.102\""}""}"
1.68E+12,12/04/2023 01:39:19.062 +0530,update-proxy,10,"\""ip\"":\""10.130.186.102\""","{""log"":""[2023-04-11T20:09:19.062"," INFO index.js [line:1558,test_id:TES10104301621681243595951975","{\""time\""","""}","{""log"":""[2023-04-11T20:09:19.062] INFO index.js [line:1558,test_id:TES10104301621681243595951975] update-proxy response-time - {\""time\"":10,\""ip\"":\""10.130.186.102\""}""}"
1.68E+12,12/04/2023 01:36:36.812 +0530,request-browser-launch,232,"\""ip\"":\""10.130.186.102\""","{""log"":""[2023-04-11T20:06:36.812"," INFO test.js [line:4729,test_id:TES10104301621681243595951975,email:saraths@lambdatest.com","{\""time\""","""}","{""log"":""[2023-04-11T20:06:36.812] INFO test.js [line:4729,test_id:TES10104301621681243595951975,email:saraths@lambdatest.com] request-browser-launch response-time - {\""time\"":232,\""ip\"":\""10.130.186.102\""}""}"
1.68E+12,12/04/2023 01:35:08.380 +0530,clean-browser,13,"\""ip\"":\""10.130.186.102\""","{""log"":""[2023-04-11T20:05:08.380"," INFO index.js [line:124,test_id:TES10104301621681242740975132","{\""time\""","""}","{""log"":""[2023-04-11T20:05:08.380] INFO index.js [line:124,test_id:TES10104301621681242740975132] clean-browser response-time - {\""time\"":13,\""ip\"":\""10.130.186.102\""}""}"
1.68E+12,12/04/2023 01:30:07.399 +0530,change-resolution,261,"\""ip\"":\""10.130.186.102\""","{""log"":""[2023-04-11T20:00:07.399"," INFO index.js [line:486,test_id:TES10104301621681242740975132","{\""time\""","""}","{""log"":""[2023-04-11T20:00:07.399] INFO index.js [line:486,test_id:TES10104301621681242740975132] change-resolution response-time - {\""time\"":261,\""ip\"":\""10.130.186.102\""}""}"
1.68E+12,12/04/2023 01:29:16.626 +0530,update-display-scale,63,"\""ip\"":\""10.130.186.102\""","{""log"":""[2023-04-11T19:59:16.626"," INFO index.js [line:1060,test_id:TES10104301621681242740975132","{\""time\""","""}","{""log"":""[2023-04-11T19:59:16.626] INFO index.js [line:1060,test_id:TES10104301621681242740975132] update-display-scale response-time - {\""time\"":63,\""ip\"":\""10.130.186.102\""}""}"
1.68E+12,12/04/2023 01:28:30.494 +0530,system-action,36,"\""ip\"":\""10.130.186.102\""","{""log"":""[2023-04-11T19:58:30.494"," INFO index.js [line:1294,test_id:undefined","{\""time\""","""}","{""log"":""[2023-04-11T19:58:30.494] INFO index.js [line:1294,test_id:undefined] system-action response-time - {\""time\"":36,\""ip\"":\""10.130.186.102\""}""}"
1.68E+12,12/04/2023 01:25:05.045 +0530,paste-data,0,"\""ip\"":\""10.130.186.102\""","{""log"":""[2023-04-11T19:55:05.045"," INFO index.js [line:1591,test_id:TES10104301621681242740975132","{\""time\""","""}","{""log"":""[2023-04-11T19:55:05.045] INFO index.js [line:1591,test_id:TES10104301621681242740975132] paste-data response-time - {\""time\"":0,\""ip\"":\""10.130.186.102\""}""}"
1.68E+12,12/04/2023 01:25:05.045 +0530,update-proxy,11,"\""ip\"":\""10.130.186.102\""","{""log"":""[2023-04-11T19:55:05.045"," INFO index.js [line:1558,test_id:TES10104301621681242740975132","{\""time\""","""}","{""log"":""[2023-04-11T19:55:05.045] INFO index.js [line:1558,test_id:TES10104301621681242740975132] update-proxy response-time - {\""time\"":11,\""ip\"":\""10.130.186.102\""}""}"
1.68E+12,12/04/2023 01:22:21.833 +0530,request-browser-launch,210,"\""ip\"":\""10.130.186.102\""","{""log"":""[2023-04-11T19:52:21.833"," INFO test.js [line:4729,test_id:TES10104301621681242740975132,email:saraths@lambdatest.com","{\""time\""","""}","{""log"":""[2023-04-11T19:52:21.833] INFO test.js [line:4729,test_id:TES10104301621681242740975132,email:saraths@lambdatest.com] request-browser-launch response-time - {\""time\"":210,\""ip\"":\""10.130.186.102\""}""}"
1.68E+12,12/04/2023 01:20:51.672 +0530,clean-browser,11,"\""ip\"":\""10.130.186.102\""","{""log"":""[2023-04-11T19:50:51.672"," INFO index.js [line:124,test_id:TES10104301621681241890769741","{\""time\""","""}","{""log"":""[2023-04-11T19:50:51.672] INFO index.js [line:124,test_id:TES10104301621681241890769741] clean-browser response-time - {\""time\"":11,\""ip\"":\""10.130.186.102\""}""}"
1.68E+12,12/04/2023 01:15:41.249 +0530,change-resolution,269,"\""ip\"":\""10.130.186.102\""","{""log"":""[2023-04-11T19:45:41.249"," INFO index.js [line:486,test_id:TES10104301621681241890769741","{\""time\""","""}","{""log"":""[2023-04-11T19:45:41.249] INFO index.js [line:486,test_id:TES10104301621681241890769741] change-resolution response-time - {\""time\"":269,\""ip\"":\""10.130.186.102\""}""}"
1.68E+12,12/04/2023 01:14:50.597 +0530,update-display-scale,71,"\""ip\"":\""10.130.186.102\""","{""log"":""[2023-04-11T19:44:50.597"," INFO index.js [line:1060,test_id:TES10104301621681241890769741","{\""time\""","""}","{""log"":""[2023-04-11T19:44:50.597] INFO index.js [line:1060,test_id:TES10104301621681241890769741] update-display-scale response-time - {\""time\"":71,\""ip\"":\""10.130.186.102\""}""}"
1.68E+12,12/04/2023 01:14:03.000 +0530,system-action,32,"\""ip\"":\""10.130.186.102\""","{""log"":""[2023-04-11T19:44:03.905"," INFO index.js [line:1294,test_id:undefined","{\""time\""","""}","{""log"":""[2023-04-11T19:44:03.905] INFO index.js [line:1294,test_id:undefined] system-action response-time - {\""time\"":32,\""ip\"":\""10.130.186.102\""}""}"
1.68E+12,12/04/2023 01:10:54.690 +0530,paste-data,1,"\""ip\"":\""10.130.186.102\""","{""log"":""[2023-04-11T19:40:54.690"," INFO index.js [line:1591,test_id:TES10104301621681241890769741","{\""time\""","""}","{""log"":""[2023-04-11T19:40:54.690] INFO index.js [line:1591,test_id:TES10104301621681241890769741] paste-data response-time - {\""time\"":1,\""ip\"":\""10.130.186.102\""}""}"
1.68E+12,12/04/2023 01:10:54.689 +0530,update-proxy,12,"\""ip\"":\""10.130.186.102\""","{""log"":""[2023-04-11T19:40:54.689"," INFO index.js [line:1558,test_id:TES10104301621681241890769741","{\""time\""","""}","{""log"":""[2023-04-11T19:40:54.689] INFO index.js [line:1558,test_id:TES10104301621681241890769741] update-proxy response-time - {\""time\"":12,\""ip\"":\""10.130.186.102\""}""}"
1.68E+12,12/04/2023 01:08:11.674 +0530,request-browser-launch,181,"\""ip\"":\""10.130.186.102\""","{""log"":""[2023-04-11T19:38:11.674"," INFO test.js [line:4729,test_id:TES10104301621681241890769741,email:saraths@lambdatest.com","{\""time\""","""}","{""log"":""[2023-04-11T19:38:11.674] INFO test.js [line:4729,test_id:TES10104301621681241890769741,email:saraths@lambdatest.com] request-browser-launch response-time - {\""time\"":181,\""ip\"":\""10.130.186.102\""}""}"
1.68E+12,12/04/2023 01:06:42.458 +0530,clean-browser,25,"\""ip\"":\""10.130.186.102\""","{""log"":""[2023-04-11T19:36:42.458"," INFO index.js [line:124,test_id:TES10104301621681241067790127","{\""time\""","""}","{""log"":""[2023-04-11T19:36:42.458] INFO index.js [line:124,test_id:TES10104301621681241067790127] clean-browser response-time - {\""time\"":25,\""ip\"":\""10.130.186.102\""}""}"
1.68E+12,12/04/2023 01:01:42.951 +0530,change-resolution,315,"\""ip\"":\""10.130.186.102\""","{""log"":""[2023-04-11T19:31:42.951"," INFO index.js [line:486,test_id:TES10104301621681241067790127","{\""time\""","""}","{""log"":""[2023-04-11T19:31:42.951] INFO index.js [line:486,test_id:TES10104301621681241067790127] change-resolution response-time - {\""time\"":315,\""ip\"":\""10.130.186.102\""}""}"
1.68E+12,12/04/2023 01:00:53.226 +0530,update-display-scale,73,"\""ip\"":\""10.130.186.102\""","{""log"":""[2023-04-11T19:30:53.226"," INFO index.js [line:1060,test_id:TES10104301621681241067790127","{\""time\""","""}","{""log"":""[2023-04-11T19:30:53.226] INFO index.js [line:1060,test_id:TES10104301621681241067790127] update-display-scale response-time - {\""time\"":73,\""ip\"":\""10.130.186.102\""}""}"
1.68E+12,12/04/2023 01:00:07.342 +0530,system-action,32,"\""ip\"":\""10.130.186.102\""","{""log"":""[2023-04-11T19:30:07.342"," INFO index.js [line:1294,test_id:undefined","{\""time\""","""}","{""log"":""[2023-04-11T19:30:07.342] INFO index.js [line:1294,test_id:undefined] system-action response-time - {\""time\"":32,\""ip\"":\""10.130.186.102\""}""}"
1.68E+12,12/04/2023 00:57:11.468 +0530,paste-data,1,"\""ip\"":\""10.130.186.102\""","{""log"":""[2023-04-11T19:27:11.468"," INFO index.js [line:1591,test_id:TES10104301621681241067790127","{\""time\""","""}","{""log"":""[2023-04-11T19:27:11.468] INFO index.js [line:1591,test_id:TES10104301621681241067790127] paste-data response-time - {\""time\"":1,\""ip\"":\""10.130.186.102\""}""}"
1.68E+12,12/04/2023 00:57:11.467 +0530,update-proxy,17,"\""ip\"":\""10.130.186.102\""","{""log"":""[2023-04-11T19:27:11.467"," INFO index.js [line:1558,test_id:TES10104301621681241067790127","{\""time\""","""}","{""log"":""[2023-04-11T19:27:11.467] INFO index.js [line:1558,test_id:TES10104301621681241067790127] update-proxy response-time - {\""time\"":17,\""ip\"":\""10.130.186.102\""}""}"
1.68E+12,12/04/2023 00:54:28.681 +0530,request-browser-launch,208,"\""ip\"":\""10.130.186.102\""","{""log"":""[2023-04-11T19:24:28.681"," INFO test.js [line:4729,test_id:TES10104301621681241067790127,email:saraths@lambdatest.com","{\""time\""","""}","{""log"":""[2023-04-11T19:24:28.681] INFO test.js [line:4729,test_id:TES10104301621681241067790127,email:saraths@lambdatest.com] request-browser-launch response-time - {\""time\"":208,\""ip\"":\""10.130.186.102\""}""}"
1.68E+12,12/04/2023 00:52:56.349 +0530,clean-browser,51,"\""ip\"":\""10.130.186.102\""","{""log"":""[2023-04-11T19:22:56.349"," INFO index.js [line:124,test_id:TES10104301621681239082821200","{\""time\""","""}","{""log"":""[2023-04-11T19:22:56.349] INFO index.js [line:124,test_id:TES10104301621681239082821200] clean-browser response-time - {\""time\"":51,\""ip\"":\""10.130.186.102\""}""}"
1.68E+12,12/04/2023 00:31:11.728 +0530,change-resolution,58,"\""ip\"":\""10.130.186.102\""","{""log"":""[2023-04-11T19:01:11.728"," INFO index.js [line:486,test_id:TES10104301621681239082821200","{\""time\""","""}","{""log"":""[2023-04-11T19:01:11.728] INFO index.js [line:486,test_id:TES10104301621681239082821200] change-resolution response-time - {\""time\"":58,\""ip\"":\""10.130.186.102\""}""}"
1.68E+12,12/04/2023 00:28:00.450 +0530,update-display-scale,70,"\""ip\"":\""10.130.186.102\""","{""log"":""[2023-04-11T18:58:00.450"," INFO index.js [line:1060,test_id:TES10104301621681239082821200","{\""time\""","""}","{""log"":""[2023-04-11T18:58:00.450] INFO index.js [line:1060,test_id:TES10104301621681239082821200] update-display-scale response-time - {\""time\"":70,\""ip\"":\""10.130.186.102\""}""}"
1.68E+12,12/04/2023 00:27:14.000 +0530,system-action,55,"\""ip\"":\""10.130.186.102\""","{""log"":""[2023-04-11T18:57:14.250"," INFO index.js [line:1294,test_id:undefined","{\""time\""","""}","{""log"":""[2023-04-11T18:57:14.250] INFO index.js [line:1294,test_id:undefined] system-action response-time - {\""time\"":55,\""ip\"":\""10.130.186.102\""}""}"
1.68E+12,12/04/2023 00:24:08.321 +0530,paste-data,0,"\""ip\"":\""10.130.186.102\""","{""log"":""[2023-04-11T18:54:08.321"," INFO index.js [line:1591,test_id:TES10104301621681239082821200","{\""time\""","""}","{""log"":""[2023-04-11T18:54:08.321] INFO index.js [line:1591,test_id:TES10104301621681239082821200] paste-data response-time - {\""time\"":0,\""ip\"":\""10.130.186.102\""}""}"
1.68E+12,12/04/2023 00:24:08.321 +0530,update-proxy,21,"\""ip\"":\""10.130.186.102\""","{""log"":""[2023-04-11T18:54:08.321"," INFO index.js [line:1558,test_id:TES10104301621681239082821200","{\""time\""","""}","{""log"":""[2023-04-11T18:54:08.321] INFO index.js [line:1558,test_id:TES10104301621681239082821200] update-proxy response-time - {\""time\"":21,\""ip\"":\""10.130.186.102\""}""}"
1.68E+12,12/04/2023 00:21:23.671 +0530,request-browser-launch,226,"\""ip\"":\""10.130.186.102\""","{""log"":""[2023-04-11T18:51:23.671"," INFO test.js [line:4729,test_id:TES10104301621681239082821200,email:saraths@lambdatest.com","{\""time\""","""}","{""log"":""[2023-04-11T18:51:23.671] INFO test.js [line:4729,test_id:TES10104301621681239082821200,email:saraths@lambdatest.com] request-browser-launch response-time - {\""time\"":226,\""ip\"":\""10.130.186.102\""}""}"
1.68E+12,11/04/2023 23:01:36.851 +0530,update-display-scale,65,"\""ip\"":\""10.130.186.102\""","{""log"":""[2023-04-11T17:31:36.851"," INFO index.js [line:1060,test_id:TES1010424871681233902225245","{\""time\""","""}","{""log"":""[2023-04-11T17:31:36.851] INFO index.js [line:1060,test_id:TES1010424871681233902225245] update-display-scale response-time - {\""time\"":65,\""ip\"":\""10.130.186.102\""}""}"
1.68E+12,11/04/2023 23:00:51.022 +0530,system-action,33,"\""ip\"":\""10.130.186.102\""","{""log"":""[2023-04-11T17:30:51.022"," INFO index.js [line:1294,test_id:undefined","{\""time\""","""}","{""log"":""[2023-04-11T17:30:51.022] INFO index.js [line:1294,test_id:undefined] system-action response-time - {\""time\"":33,\""ip\"":\""10.130.186.102\""}""}"
1.68E+12,11/04/2023 22:57:45.268 +0530,paste-data,1,"\""ip\"":\""10.130.186.102\""","{""log"":""[2023-04-11T17:27:45.268"," INFO index.js [line:1591,test_id:TES1010424871681233902225245","{\""time\""","""}","{""log"":""[2023-04-11T17:27:45.268] INFO index.js [line:1591,test_id:TES1010424871681233902225245] paste-data response-time - {\""time\"":1,\""ip\"":\""10.130.186.102\""}""}"
1.68E+12,11/04/2023 22:57:45.267 +0530,update-proxy,78,"\""ip\"":\""10.130.186.102\""","{""log"":""[2023-04-11T17:27:45.267"," INFO index.js [line:1558,test_id:TES1010424871681233902225245","{\""time\""","""}","{""log"":""[2023-04-11T17:27:45.267] INFO index.js [line:1558,test_id:TES1010424871681233902225245] update-proxy response-time - {\""time\"":78,\""ip\"":\""10.130.186.102\""}""}"
1.68E+12,11/04/2023 22:55:02.999 +0530,request-browser-launch,182,"\""ip\"":\""10.130.186.102\""","{""log"":""[2023-04-11T17:25:02.999"," INFO test.js [line:4729,test_id:TES1010424871681233902225245,email:saraths@lambdatest.com","{\""time\""","""}","{""log"":""[2023-04-11T17:25:02.999] INFO test.js [line:4729,test_id:TES1010424871681233902225245,email:saraths@lambdatest.com] request-browser-launch response-time - {\""time\"":182,\""ip\"":\""10.130.186.102\""}""}"
1.68E+12,11/04/2023 22:53:36.596 +0530,clean-browser,29,"\""ip\"":\""10.130.186.102\""","{""log"":""[2023-04-11T17:23:36.596"," INFO index.js [line:124,test_id:TES1010424871681233069287773","{\""time\""","""}","{""log"":""[2023-04-11T17:23:36.596] INFO index.js [line:124,test_id:TES1010424871681233069287773] clean-browser response-time - {\""time\"":29,\""ip\"":\""10.130.186.102\""}""}"
1.68E+12,11/04/2023 22:48:36.403 +0530,change-resolution,319,"\""ip\"":\""10.130.186.102\""","{""log"":""[2023-04-11T17:18:36.403"," INFO index.js [line:486,test_id:TES1010424871681233069287773","{\""time\""","""}","{""log"":""[2023-04-11T17:18:36.403] INFO index.js [line:486,test_id:TES1010424871681233069287773] change-resolution response-time - {\""time\"":319,\""ip\"":\""10.130.186.102\""}""}"
1.68E+12,11/04/2023 22:47:45.381 +0530,update-display-scale,72,"\""ip\"":\""10.130.186.102\""","{""log"":""[2023-04-11T17:17:45.381"," INFO index.js [line:1060,test_id:TES1010424871681233069287773","{\""time\""","""}","{""log"":""[2023-04-11T17:17:45.381] INFO index.js [line:1060,test_id:TES1010424871681233069287773] update-display-scale response-time - {\""time\"":72,\""ip\"":\""10.130.186.102\""}""}"
1.68E+12,11/04/2023 22:46:59.101 +0530,system-action,32,"\""ip\"":\""10.130.186.102\""","{""log"":""[2023-04-11T17:16:59.101"," INFO index.js [line:1294,test_id:undefined","{\""time\""","""}","{""log"":""[2023-04-11T17:16:59.101] INFO index.js [line:1294,test_id:undefined] system-action response-time - {\""time\"":32,\""ip\"":\""10.130.186.102\""}""}"
1.68E+12,11/04/2023 22:43:52.085 +0530,paste-data,1,"\""ip\"":\""10.130.186.102\""","{""log"":""[2023-04-11T17:13:52.085"," INFO index.js [line:1591,test_id:TES1010424871681233069287773","{\""time\""","""}","{""log"":""[2023-04-11T17:13:52.085] INFO index.js [line:1591,test_id:TES1010424871681233069287773] paste-data response-time - {\""time\"":1,\""ip\"":\""10.130.186.102\""}""}"
1.68E+12,11/04/2023 22:43:52.084 +0530,update-proxy,10,"\""ip\"":\""10.130.186.102\""","{""log"":""[2023-04-11T17:13:52.084"," INFO index.js [line:1558,test_id:TES1010424871681233069287773","{\""time\""","""}","{""log"":""[2023-04-11T17:13:52.084] INFO index.js [line:1558,test_id:TES1010424871681233069287773] update-proxy response-time - {\""time\"":10,\""ip\"":\""10.130.186.102\""}""}"
1.68E+12,11/04/2023 22:41:09.905 +0530,request-browser-launch,213,"\""ip\"":\""10.130.186.102\""","{""log"":""[2023-04-11T17:11:09.905"," INFO test.js [line:4729,test_id:TES1010424871681233069287773,email:saraths@lambdatest.com","{\""time\""","""}","{""log"":""[2023-04-11T17:11:09.905] INFO test.js [line:4729,test_id:TES1010424871681233069287773,email:saraths@lambdatest.com] request-browser-launch response-time - {\""time\"":213,\""ip\"":\""10.130.186.102\""}""}"
1.68E+12,11/04/2023 22:39:41.975 +0530,clean-browser,10,"\""ip\"":\""10.130.186.102\""","{""log"":""[2023-04-11T17:09:41.975"," INFO index.js [line:124,test_id:TES1010424871681232234751401","{\""time\""","""}","{""log"":""[2023-04-11T17:09:41.975] INFO index.js [line:124,test_id:TES1010424871681232234751401] clean-browser response-time - {\""time\"":10,\""ip\"":\""10.130.186.102\""}""}"
1.68E+12,11/04/2023 22:34:43.056 +0530,change-resolution,349,"\""ip\"":\""10.130.186.102\""","{""log"":""[2023-04-11T17:04:43.056"," INFO index.js [line:486,test_id:TES1010424871681232234751401","{\""time\""","""}","{""log"":""[2023-04-11T17:04:43.056] INFO index.js [line:486,test_id:TES1010424871681232234751401] change-resolution response-time - {\""time\"":349,\""ip\"":\""10.130.186.102\""}""}"
1.68E+12,11/04/2023 22:33:52.631 +0530,update-display-scale,71,"\""ip\"":\""10.130.186.102\""","{""log"":""[2023-04-11T17:03:52.631"," INFO index.js [line:1060,test_id:TES1010424871681232234751401","{\""time\""","""}","{""log"":""[2023-04-11T17:03:52.631] INFO index.js [line:1060,test_id:TES1010424871681232234751401] update-display-scale response-time - {\""time\"":71,\""ip\"":\""10.130.186.102\""}""}"
1.68E+12,11/04/2023 22:33:05.343 +0530,system-action,34,"\""ip\"":\""10.130.186.102\""","{""log"":""[2023-04-11T17:03:05.343"," INFO index.js [line:1294,test_id:undefined","{\""time\""","""}","{""log"":""[2023-04-11T17:03:05.343] INFO index.js [line:1294,test_id:undefined] system-action response-time - {\""time\"":34,\""ip\"":\""10.130.186.102\""}""}"
1.68E+12,11/04/2023 22:29:57.000 +0530,paste-data,0,"\""ip\"":\""10.130.186.102\""","{""log"":""[2023-04-11T16:59:57.654"," INFO index.js [line:1591,test_id:TES1010424871681232234751401","{\""time\""","""}","{""log"":""[2023-04-11T16:59:57.654] INFO index.js [line:1591,test_id:TES1010424871681232234751401] paste-data response-time - {\""time\"":0,\""ip\"":\""10.130.186.102\""}""}"
1.68E+12,11/04/2023 22:29:57.000 +0530,update-proxy,10,"\""ip\"":\""10.130.186.102\""","{""log"":""[2023-04-11T16:59:57.653"," INFO index.js [line:1558,test_id:TES1010424871681232234751401","{\""time\""","""}","{""log"":""[2023-04-11T16:59:57.653] INFO index.js [line:1558,test_id:TES1010424871681232234751401] update-proxy response-time - {\""time\"":10,\""ip\"":\""10.130.186.102\""}""}"
1.68E+12,11/04/2023 22:27:15.548 +0530,request-browser-launch,236,"\""ip\"":\""10.130.186.102\""","{""log"":""[2023-04-11T16:57:15.548"," INFO test.js [line:4729,test_id:TES1010424871681232234751401,email:saraths@lambdatest.com","{\""time\""","""}","{""log"":""[2023-04-11T16:57:15.548] INFO test.js [line:4729,test_id:TES1010424871681232234751401,email:saraths@lambdatest.com] request-browser-launch response-time - {\""time\"":236,\""ip\"":\""10.130.186.102\""}""}"
1.68E+12,11/04/2023 22:25:48.000 +0530,clean-browser,21,"\""ip\"":\""10.130.186.102\""","{""log"":""[2023-04-11T16:55:48.685"," INFO index.js [line:124,test_id:TES1010424871681231404910271","{\""time\""","""}","{""log"":""[2023-04-11T16:55:48.685] INFO index.js [line:124,test_id:TES1010424871681231404910271] clean-browser response-time - {\""time\"":21,\""ip\"":\""10.130.186.102\""}""}"
1.68E+12,11/04/2023 22:20:49.213 +0530,change-resolution,286,"\""ip\"":\""10.130.186.102\""","{""log"":""[2023-04-11T16:50:49.213"," INFO index.js [line:486,test_id:TES1010424871681231404910271","{\""time\""","""}","{""log"":""[2023-04-11T16:50:49.213] INFO index.js [line:486,test_id:TES1010424871681231404910271] change-resolution response-time - {\""time\"":286,\""ip\"":\""10.130.186.102\""}""}"
1.68E+12,11/04/2023 22:19:58.998 +0530,update-display-scale,60,"\""ip\"":\""10.130.186.102\""","{""log"":""[2023-04-11T16:49:58.998"," INFO index.js [line:1060,test_id:TES1010424871681231404910271","{\""time\""","""}","{""log"":""[2023-04-11T16:49:58.998] INFO index.js [line:1060,test_id:TES1010424871681231404910271] update-display-scale response-time - {\""time\"":60,\""ip\"":\""10.130.186.102\""}""}"
1.68E+12,11/04/2023 22:19:13.255 +0530,system-action,40,"\""ip\"":\""10.130.186.102\""","{""log"":""[2023-04-11T16:49:13.255"," INFO index.js [line:1294,test_id:undefined","{\""time\""","""}","{""log"":""[2023-04-11T16:49:13.255] INFO index.js [line:1294,test_id:undefined] system-action response-time - {\""time\"":40,\""ip\"":\""10.130.186.102\""}""}"
1.68E+12,11/04/2023 22:16:07.385 +0530,paste-data,0,"\""ip\"":\""10.130.186.102\""","{""log"":""[2023-04-11T16:46:07.385"," INFO index.js [line:1591,test_id:TES1010424871681231404910271","{\""time\""","""}","{""log"":""[2023-04-11T16:46:07.385] INFO index.js [line:1591,test_id:TES1010424871681231404910271] paste-data response-time - {\""time\"":0,\""ip\"":\""10.130.186.102\""}""}"
1.68E+12,11/04/2023 22:16:07.384 +0530,update-proxy,16,"\""ip\"":\""10.130.186.102\""","{""log"":""[2023-04-11T16:46:07.384"," INFO index.js [line:1558,test_id:TES1010424871681231404910271","{\""time\""","""}","{""log"":""[2023-04-11T16:46:07.384] INFO index.js [line:1558,test_id:TES1010424871681231404910271] update-proxy response-time - {\""time\"":16,\""ip\"":\""10.130.186.102\""}""}"
1.68E+12,11/04/2023 22:13:25.713 +0530,request-browser-launch,211,"\""ip\"":\""10.130.186.102\""","{""log"":""[2023-04-11T16:43:25.713"," INFO test.js [line:4729,test_id:TES1010424871681231404910271,email:saraths@lambdatest.com","{\""time\""","""}","{""log"":""[2023-04-11T16:43:25.713] INFO test.js [line:4729,test_id:TES1010424871681231404910271,email:saraths@lambdatest.com] request-browser-launch response-time - {\""time\"":211,\""ip\"":\""10.130.186.102\""}""}"
1.68E+12,11/04/2023 22:12:16.259 +0530,clean-browser,18,"\""ip\"":\""10.130.186.102\""","{""log"":""[2023-04-11T16:42:16.259"," INFO index.js [line:124,test_id:TES1010424871681230731219110","{\""time\""","""}","{""log"":""[2023-04-11T16:42:16.259] INFO index.js [line:124,test_id:TES1010424871681230731219110] clean-browser response-time - {\""time\"":18,\""ip\"":\""10.130.186.102\""}""}"
1.68E+12,11/04/2023 22:11:45.659 +0530,change-resolution,58,"\""ip\"":\""10.130.186.102\""","{""log"":""[2023-04-11T16:41:45.659"," INFO index.js [line:486,test_id:TES1010424871681230731219110","{\""time\""","""}","{""log"":""[2023-04-11T16:41:45.659] INFO index.js [line:486,test_id:TES1010424871681230731219110] change-resolution response-time - {\""time\"":58,\""ip\"":\""10.130.186.102\""}""}"
1.68E+12,11/04/2023 22:08:34.569 +0530,update-display-scale,39,"\""ip\"":\""10.130.186.102\""","{""log"":""[2023-04-11T16:38:34.569"," INFO index.js [line:1060,test_id:TES1010424871681230731219110","{\""time\""","""}","{""log"":""[2023-04-11T16:38:34.569] INFO index.js [line:1060,test_id:TES1010424871681230731219110] update-display-scale response-time - {\""time\"":39,\""ip\"":\""10.130.186.102\""}""}"
1.68E+12,11/04/2023 22:07:49.006 +0530,system-action,38,"\""ip\"":\""10.130.186.102\""","{""log"":""[2023-04-11T16:37:49.006"," INFO index.js [line:1294,test_id:undefined","{\""time\""","""}","{""log"":""[2023-04-11T16:37:49.006] INFO index.js [line:1294,test_id:undefined] system-action response-time - {\""time\"":38,\""ip\"":\""10.130.186.102\""}""}"
1.68E+12,11/04/2023 22:04:54.000 +0530,paste-data,1,"\""ip\"":\""10.130.186.102\""","{""log"":""[2023-04-11T16:34:54.552"," INFO index.js [line:1591,test_id:TES1010424871681230731219110","{\""time\""","""}","{""log"":""[2023-04-11T16:34:54.552] INFO index.js [line:1591,test_id:TES1010424871681230731219110] paste-data response-time - {\""time\"":1,\""ip\"":\""10.130.186.102\""}""}"
1.68E+12,11/04/2023 22:04:54.000 +0530,update-proxy,13,"\""ip\"":\""10.130.186.102\""","{""log"":""[2023-04-11T16:34:54.551"," INFO index.js [line:1558,test_id:TES1010424871681230731219110","{\""time\""","""}","{""log"":""[2023-04-11T16:34:54.551] INFO index.js [line:1558,test_id:TES1010424871681230731219110] update-proxy response-time - {\""time\"":13,\""ip\"":\""10.130.186.102\""}""}"
1.68E+12,11/04/2023 22:02:12.060 +0530,request-browser-launch,220,"\""ip\"":\""10.130.186.102\""","{""log"":""[2023-04-11T16:32:12.060"," INFO test.js [line:4729,test_id:TES1010424871681230731219110,email:saraths@lambdatest.com","{\""time\""","""}","{""log"":""[2023-04-11T16:32:12.060] INFO test.js [line:4729,test_id:TES1010424871681230731219110,email:saraths@lambdatest.com] request-browser-launch response-time - {\""time\"":220,\""ip\"":\""10.130.186.102\""}""}"
1.68E+12,11/04/2023 21:56:17.300 +0530,paste-data,1,"\""ip\"":\""10.130.186.102\""","{""log"":""[2023-04-11T16:26:17.300"," INFO index.js [line:1591,test_id:TES1010424871681230213748694","{\""time\""","\nTue Apr 11 2023 16:26:17 GMT+0000 (UTC) :: test.js(4123) :: test lifetime set to 150 seconds for testid => TES1010424871681230376651540""}","{""log"":""[2023-04-11T16:26:17.300] INFO index.js [line:1591,test_id:TES1010424871681230213748694] paste-data response-time - {\""time\"":1,\""ip\"":\""10.130.186.102\""}\nTue Apr 11 2023 16:26:17 GMT+0000 (UTC) :: test.js(4123) :: test lifetime set to 150 seconds for testid => TES1010424871681230376651540""}"
1.68E+12,11/04/2023 21:56:17.299 +0530,update-proxy,15,"\""ip\"":\""10.130.186.102\""","{""log"":""[2023-04-11T16:26:17.299"," INFO index.js [line:1558,test_id:TES1010424871681230213748694","{\""time\""","""}","{""log"":""[2023-04-11T16:26:17.299] INFO index.js [line:1558,test_id:TES1010424871681230213748694] update-proxy response-time - {\""time\"":15,\""ip\"":\""10.130.186.102\""}""}"
1.68E+12,11/04/2023 21:53:34.985 +0530,request-browser-launch,620,"\""ip\"":\""10.130.186.102\""","{""log"":""[2023-04-11T16:23:34.985"," INFO test.js [line:4729,test_id:TES1010424871681230213748694,email:saraths@lambdatest.com","{\""time\""","""}","{""log"":""[2023-04-11T16:23:34.985] INFO test.js [line:4729,test_id:TES1010424871681230213748694,email:saraths@lambdatest.com] request-browser-launch response-time - {\""time\"":620,\""ip\"":\""10.130.186.102\""}""}"
1.68E+12,11/04/2023 21:52:15.000 +0530,clean-browser,134,"\""ip\"":\""10.130.186.102\""","{""log"":""[2023-04-11T16:22:15.172"," INFO index.js [line:124,test_id:TES1010424871681229526141821","{\""time\""","""}","{""log"":""[2023-04-11T16:22:15.172] INFO index.js [line:124,test_id:TES1010424871681229526141821] clean-browser response-time - {\""time\"":134,\""ip\"":\""10.130.186.102\""}""}"
1.68E+12,11/04/2023 21:51:42.983 +0530,change-resolution,56,"\""ip\"":\""10.130.186.102\""","{""log"":""[2023-04-11T16:21:42.983"," INFO index.js [line:486,test_id:TES1010424871681229526141821","{\""time\""","""}","{""log"":""[2023-04-11T16:21:42.983] INFO index.js [line:486,test_id:TES1010424871681229526141821] change-resolution response-time - {\""time\"":56,\""ip\"":\""10.130.186.102\""}""}"
1.68E+12,11/04/2023 21:48:31.842 +0530,update-display-scale,32,"\""ip\"":\""10.130.186.102\""","{""log"":""[2023-04-11T16:18:31.842"," INFO index.js [line:1060,test_id:TES1010424871681229526141821","{\""time\""","""}","{""log"":""[2023-04-11T16:18:31.842] INFO index.js [line:1060,test_id:TES1010424871681229526141821] update-display-scale response-time - {\""time\"":32,\""ip\"":\""10.130.186.102\""}""}"
1.68E+12,11/04/2023 21:47:45.835 +0530,system-action,38,"\""ip\"":\""10.130.186.102\""","{""log"":""[2023-04-11T16:17:45.835"," INFO index.js [line:1294,test_id:undefined","{\""time\""","""}","{""log"":""[2023-04-11T16:17:45.835] INFO index.js [line:1294,test_id:undefined] system-action response-time - {\""time\"":38,\""ip\"":\""10.130.186.102\""}""}"
1.68E+12,11/04/2023 21:44:49.602 +0530,paste-data,1,"\""ip\"":\""10.130.186.102\""","{""log"":""[2023-04-11T16:14:49.602"," INFO index.js [line:1591,test_id:TES1010424871681229526141821","{\""time\""","""}","{""log"":""[2023-04-11T16:14:49.602] INFO index.js [line:1591,test_id:TES1010424871681229526141821] paste-data response-time - {\""time\"":1,\""ip\"":\""10.130.186.102\""}""}"
1.68E+12,11/04/2023 21:44:49.601 +0530,update-proxy,12,"\""ip\"":\""10.130.186.102\""","{""log"":""[2023-04-11T16:14:49.601"," INFO index.js [line:1558,test_id:TES1010424871681229526141821","{\""time\""","""}","{""log"":""[2023-04-11T16:14:49.601] INFO index.js [line:1558,test_id:TES1010424871681229526141821] update-proxy response-time - {\""time\"":12,\""ip\"":\""10.130.186.102\""}""}"
1.68E+12,11/04/2023 21:42:07.494 +0530,request-browser-launch,697,"\""ip\"":\""10.130.186.102\""","{""log"":""[2023-04-11T16:12:07.494"," INFO test.js [line:4729,test_id:TES1010424871681229526141821,email:saraths@lambdatest.com","{\""time\""","""}","{""log"":""[2023-04-11T16:12:07.494] INFO test.js [line:4729,test_id:TES1010424871681229526141821,email:saraths@lambdatest.com] request-browser-launch response-time - {\""time\"":697,\""ip\"":\""10.130.186.102\""}""}"
1.68E+12,11/04/2023 20:48:31.247 +0530,change-resolution,49,"\""ip\"":\""10.130.186.102\""","{""log"":""[2023-04-11T15:18:31.247"," INFO index.js [line:486,test_id:TES1010430491681225730577294","{\""time\""","""}","{""log"":""[2023-04-11T15:18:31.247] INFO index.js [line:486,test_id:TES1010430491681225730577294] change-resolution response-time - {\""time\"":49,\""ip\"":\""10.130.186.102\""}""}"
1.68E+12,11/04/2023 20:45:20.082 +0530,update-display-scale,29,"\""ip\"":\""10.130.186.102\""","{""log"":""[2023-04-11T15:15:20.082"," INFO index.js [line:1060,test_id:TES1010430491681225730577294","{\""time\""","""}","{""log"":""[2023-04-11T15:15:20.082] INFO index.js [line:1060,test_id:TES1010430491681225730577294] update-display-scale response-time - {\""time\"":29,\""ip\"":\""10.130.186.102\""}""}"
1.68E+12,11/04/2023 20:44:33.940 +0530,system-action,44,"\""ip\"":\""10.130.186.102\""","{""log"":""[2023-04-11T15:14:33.940"," INFO index.js [line:1294,test_id:undefined","{\""time\""","""}","{""log"":""[2023-04-11T15:14:33.940] INFO index.js [line:1294,test_id:undefined] system-action response-time - {\""time\"":44,\""ip\"":\""10.130.186.102\""}""}"
1.68E+12,11/04/2023 20:41:33.730 +0530,paste-data,0,"\""ip\"":\""10.130.186.102\""","{""log"":""[2023-04-11T15:11:33.730"," INFO index.js [line:1591,test_id:TES1010430491681225730577294","{\""time\""","\nTue Apr 11 2023 15:11:33 GMT+0000 (UTC) :: index.js(39) :: expired key => scr-started:TES1010430491681225673947356""}","{""log"":""[2023-04-11T15:11:33.730] INFO index.js [line:1591,test_id:TES1010430491681225730577294] paste-data response-time - {\""time\"":0,\""ip\"":\""10.130.186.102\""}\nTue Apr 11 2023 15:11:33 GMT+0000 (UTC) :: index.js(39) :: expired key => scr-started:TES1010430491681225673947356""}"
1.68E+12,11/04/2023 20:41:33.730 +0530,update-proxy,37,"\""ip\"":\""10.130.186.102\""","{""log"":""[2023-04-11T15:11:33.730"," INFO index.js [line:1558,test_id:TES1010430491681225730577294","{\""time\""","""}","{""log"":""[2023-04-11T15:11:33.730] INFO index.js [line:1558,test_id:TES1010430491681225730577294] update-proxy response-time - {\""time\"":37,\""ip\"":\""10.130.186.102\""}""}"
1.68E+12,11/04/2023 20:38:51.868 +0530,request-browser-launch,197,"\""ip\"":\""10.130.186.102\""","{""log"":""[2023-04-11T15:08:51.868"," INFO test.js [line:4729,test_id:TES1010430491681225730577294,email:saraths@lambdatest.com","{\""time\""","""}","{""log"":""[2023-04-11T15:08:51.868] INFO test.js [line:4729,test_id:TES1010430491681225730577294,email:saraths@lambdatest.com] request-browser-launch response-time - {\""time\"":197,\""ip\"":\""10.130.186.102\""}""}"
1.68E+12,11/04/2023 20:37:42.818 +0530,clean-browser,14,"\""ip\"":\""10.130.186.102\""","{""log"":""[2023-04-11T15:07:42.818"," INFO index.js [line:124,test_id:TES1010430491681225041391631","{\""time\""","""}","{""log"":""[2023-04-11T15:07:42.818] INFO index.js [line:124,test_id:TES1010430491681225041391631] clean-browser response-time - {\""time\"":14,\""ip\"":\""10.130.186.102\""}""}"
1.68E+12,11/04/2023 20:37:10.916 +0530,change-resolution,55,"\""ip\"":\""10.130.186.102\""","{""log"":""[2023-04-11T15:07:10.916"," INFO index.js [line:486,test_id:TES1010430491681225041391631","{\""time\""","""}","{""log"":""[2023-04-11T15:07:10.916] INFO index.js [line:486,test_id:TES1010430491681225041391631] change-resolution response-time - {\""time\"":55,\""ip\"":\""10.130.186.102\""}""}"
1.68E+12,11/04/2023 20:33:57.000 +0530,update-display-scale,35,"\""ip\"":\""10.130.186.102\""","{""log"":""[2023-04-11T15:03:57.950"," INFO index.js [line:1060,test_id:TES1010430491681225041391631","{\""time\""","""}","{""log"":""[2023-04-11T15:03:57.950] INFO index.js [line:1060,test_id:TES1010430491681225041391631] update-display-scale response-time - {\""time\"":35,\""ip\"":\""10.130.186.102\""}""}"
1.68E+12,11/04/2023 20:33:12.565 +0530,system-action,32,"\""ip\"":\""10.130.186.102\""","{""log"":""[2023-04-11T15:03:12.565"," INFO index.js [line:1294,test_id:undefined","{\""time\""","""}","{""log"":""[2023-04-11T15:03:12.565] INFO index.js [line:1294,test_id:undefined] system-action response-time - {\""time\"":32,\""ip\"":\""10.130.186.102\""}""}"
1.68E+12,11/04/2023 20:30:06.337 +0530,paste-data,1,"\""ip\"":\""10.130.186.102\""","{""log"":""[2023-04-11T15:00:06.337"," INFO index.js [line:1591,test_id:TES1010430491681225041391631","{\""time\""","\nTue Apr 11 2023 15:00:06 GMT+0000 (UTC) :: local-client.js(173) :: redis test data => {\""type\"":\""success\"",\""message\"":\""test-alive\"",\""ip\"":\""10.64.50.133\"",\""os\"":\""windows\"",\""os_version_id\"":\""OSV100021498719908607\"",\""org_id\"":\""153127\""}""}","{""log"":""[2023-04-11T15:00:06.337] INFO index.js [line:1591,test_id:TES1010430491681225041391631] paste-data response-time - {\""time\"":1,\""ip\"":\""10.130.186.102\""}\nTue Apr 11 2023 15:00:06 GMT+0000 (UTC) :: local-client.js(173) :: redis test data => {\""type\"":\""success\"",\""message\"":\""test-alive\"",\""ip\"":\""10.64.50.133\"",\""os\"":\""windows\"",\""os_version_id\"":\""OSV100021498719908607\"",\""org_id\"":\""153127\""}""}"
1.68E+12,11/04/2023 20:30:06.000 +0530,update-proxy,12,"\""ip\"":\""10.130.186.102\""","{""log"":""[2023-04-11T15:00:06.336"," INFO index.js [line:1558,test_id:TES1010430491681225041391631","{\""time\""","""}","{""log"":""[2023-04-11T15:00:06.336] INFO index.js [line:1558,test_id:TES1010430491681225041391631] update-proxy response-time - {\""time\"":12,\""ip\"":\""10.130.186.102\""}""}"
1.68E+12,11/04/2023 20:27:22.426 +0530,request-browser-launch,220,"\""ip\"":\""10.130.186.102\""","{""log"":""[2023-04-11T14:57:22.426"," INFO test.js [line:4729,test_id:TES1010430491681225041391631,email:saraths@lambdatest.com","{\""time\""","""}","{""log"":""[2023-04-11T14:57:22.426] INFO test.js [line:4729,test_id:TES1010430491681225041391631,email:saraths@lambdatest.com] request-browser-launch response-time - {\""time\"":220,\""ip\"":\""10.130.186.102\""}""}"
1.68E+12,11/04/2023 20:25:54.168 +0530,clean-browser,14,"\""ip\"":\""10.130.186.102\""","{""log"":""[2023-04-11T14:55:54.168"," INFO index.js [line:124,test_id:TES1010430491681224217704839","{\""time\""","""}","{""log"":""[2023-04-11T14:55:54.168] INFO index.js [line:124,test_id:TES1010430491681224217704839] clean-browser response-time - {\""time\"":14,\""ip\"":\""10.130.186.102\""}""}"
1.68E+12,11/04/2023 20:20:54.282 +0530,change-resolution,270,"\""ip\"":\""10.130.186.102\""","{""log"":""[2023-04-11T14:50:54.282"," INFO index.js [line:486,test_id:TES1010430491681224217704839","{\""time\""","""}","{""log"":""[2023-04-11T14:50:54.282] INFO index.js [line:486,test_id:TES1010430491681224217704839] change-resolution response-time - {\""time\"":270,\""ip\"":\""10.130.186.102\""}""}"
1.68E+12,11/04/2023 20:20:04.005 +0530,update-display-scale,57,"\""ip\"":\""10.130.186.102\""","{""log"":""[2023-04-11T14:50:04.005"," INFO index.js [line:1060,test_id:TES1010430491681224217704839","{\""time\""","""}","{""log"":""[2023-04-11T14:50:04.005] INFO index.js [line:1060,test_id:TES1010430491681224217704839] update-display-scale response-time - {\""time\"":57,\""ip\"":\""10.130.186.102\""}""}"
1.68E+12,11/04/2023 20:19:17.631 +0530,system-action,32,"\""ip\"":\""10.130.186.102\""","{""log"":""[2023-04-11T14:49:17.631"," INFO index.js [line:1294,test_id:undefined","{\""time\""","""}","{""log"":""[2023-04-11T14:49:17.631] INFO index.js [line:1294,test_id:undefined] system-action response-time - {\""time\"":32,\""ip\"":\""10.130.186.102\""}""}"
1.68E+12,11/04/2023 20:16:21.826 +0530,paste-data,0,"\""ip\"":\""10.130.186.102\""","{""log"":""[2023-04-11T14:46:21.826"," INFO index.js [line:1591,test_id:TES1010430491681224217704839","{\""time\""","""}","{""log"":""[2023-04-11T14:46:21.826] INFO index.js [line:1591,test_id:TES1010430491681224217704839] paste-data response-time - {\""time\"":0,\""ip\"":\""10.130.186.102\""}""}"
1.68E+12,11/04/2023 20:16:21.825 +0530,update-proxy,14,"\""ip\"":\""10.130.186.102\""","{""log"":""[2023-04-11T14:46:21.825"," INFO index.js [line:1558,test_id:TES1010430491681224217704839","{\""time\""","""}","{""log"":""[2023-04-11T14:46:21.825] INFO index.js [line:1558,test_id:TES1010430491681224217704839] update-proxy response-time - {\""time\"":14,\""ip\"":\""10.130.186.102\""}""}"
1.68E+12,11/04/2023 20:13:38.709 +0530,request-browser-launch,208,"\""ip\"":\""10.130.186.102\""","{""log"":""[2023-04-11T14:43:38.709"," INFO test.js [line:4729,test_id:TES1010430491681224217704839,email:saraths@lambdatest.com","{\""time\""","""}","{""log"":""[2023-04-11T14:43:38.709] INFO test.js [line:4729,test_id:TES1010430491681224217704839,email:saraths@lambdatest.com] request-browser-launch response-time - {\""time\"":208,\""ip\"":\""10.130.186.102\""}""}"
1.68E+12,11/04/2023 20:12:12.000 +0530,clean-browser,22,"\""ip\"":\""10.130.186.102\""","{""log"":""[2023-04-11T14:42:12.659"," INFO index.js [line:124,test_id:TES1010430491681223384571529","{\""time\""","""}","{""log"":""[2023-04-11T14:42:12.659] INFO index.js [line:124,test_id:TES1010430491681223384571529] clean-browser response-time - {\""time\"":22,\""ip\"":\""10.130.186.102\""}""}"
1.68E+12,11/04/2023 20:07:11.231 +0530,change-resolution,312,"\""ip\"":\""10.130.186.102\""","{""log"":""[2023-04-11T14:37:11.231"," INFO index.js [line:486,test_id:TES1010430491681223384571529","{\""time\""","""}","{""log"":""[2023-04-11T14:37:11.231] INFO index.js [line:486,test_id:TES1010430491681223384571529] change-resolution response-time - {\""time\"":312,\""ip\"":\""10.130.186.102\""}""}"
1.68E+12,11/04/2023 20:06:44.542 +0530,update-display-scale,52,"\""ip\"":\""10.130.186.102\""","{""log"":""[2023-04-11T14:36:20.282"," INFO index.js [line:1060,test_id:TES1010430491681223384571529","{\""time\""","""}","{""log"":""[2023-04-11T14:36:20.282] INFO index.js [line:1060,test_id:TES1010430491681223384571529] update-display-scale response-time - {\""time\"":52,\""ip\"":\""10.130.186.102\""}""}"
1.68E+12,11/04/2023 20:05:33.914 +0530,system-action,50,"\""ip\"":\""10.130.186.102\""","{""log"":""[2023-04-11T14:35:33.914"," INFO index.js [line:1294,test_id:undefined","{\""time\""","""}","{""log"":""[2023-04-11T14:35:33.914] INFO index.js [line:1294,test_id:undefined] system-action response-time - {\""time\"":50,\""ip\"":\""10.130.186.102\""}""}"
1.68E+12,11/04/2023 20:02:28.020 +0530,paste-data,2,"\""ip\"":\""10.130.186.102\""","{""log"":""[2023-04-11T14:32:28.020"," INFO index.js [line:1591,test_id:TES1010430491681223384571529","{\""time\""","""}","{""log"":""[2023-04-11T14:32:28.020] INFO index.js [line:1591,test_id:TES1010430491681223384571529] paste-data response-time - {\""time\"":2,\""ip\"":\""10.130.186.102\""}""}"
1.68E+12,11/04/2023 20:02:28.018 +0530,update-proxy,11,"\""ip\"":\""10.130.186.102\""","{""log"":""[2023-04-11T14:32:28.018"," INFO index.js [line:1558,test_id:TES1010430491681223384571529","{\""time\""","""}","{""log"":""[2023-04-11T14:32:28.018] INFO index.js [line:1558,test_id:TES1010430491681223384571529] update-proxy response-time - {\""time\"":11,\""ip\"":\""10.130.186.102\""}""}"
1.68E+12,11/04/2023 19:59:45.289 +0530,request-browser-launch,189,"\""ip\"":\""10.130.186.102\""","{""log"":""[2023-04-11T14:29:45.289"," INFO test.js [line:4729,test_id:TES1010430491681223384571529,email:saraths@lambdatest.com","{\""time\""","""}","{""log"":""[2023-04-11T14:29:45.289] INFO test.js [line:4729,test_id:TES1010430491681223384571529,email:saraths@lambdatest.com] request-browser-launch response-time - {\""time\"":189,\""ip\"":\""10.130.186.102\""}""}"
1.68E+12,11/04/2023 19:57:07.684 +0530,clean-browser,11,"\""ip\"":\""10.130.186.102\""","{""log"":""[2023-04-11T14:27:07.684"," INFO index.js [line:124,test_id:TES1010430491681222282623778","{\""time\""","""}","{""log"":""[2023-04-11T14:27:07.684] INFO index.js [line:124,test_id:TES1010430491681222282623778] clean-browser response-time - {\""time\"":11,\""ip\"":\""10.130.186.102\""}""}"
1.68E+12,11/04/2023 19:51:20.301 +0530,change-resolution,359,"\""ip\"":\""10.130.186.102\""","{""log"":""[2023-04-11T14:21:20.301"," INFO index.js [line:486,test_id:TES1010430491681222282623778","{\""time\""","""}","{""log"":""[2023-04-11T14:21:20.301] INFO index.js [line:486,test_id:TES1010430491681222282623778] change-resolution response-time - {\""time\"":359,\""ip\"":\""10.130.186.102\""}""}"
1.68E+12,11/04/2023 19:48:07.623 +0530,update-display-scale,69,"\""ip\"":\""10.130.186.102\""","{""log"":""[2023-04-11T14:18:07.623"," INFO index.js [line:1060,test_id:TES1010430491681222282623778","{\""time\""","""}","{""log"":""[2023-04-11T14:18:07.623] INFO index.js [line:1060,test_id:TES1010430491681222282623778] update-display-scale response-time - {\""time\"":69,\""ip\"":\""10.130.186.102\""}""}"
1.68E+12,11/04/2023 19:47:20.506 +0530,system-action,36,"\""ip\"":\""10.130.186.102\""","{""log"":""[2023-04-11T14:17:20.506"," INFO index.js [line:1294,test_id:undefined","{\""time\""","""}","{""log"":""[2023-04-11T14:17:20.506] INFO index.js [line:1294,test_id:undefined] system-action response-time - {\""time\"":36,\""ip\"":\""10.130.186.102\""}""}"
1.68E+12,11/04/2023 19:44:08.467 +0530,paste-data,0,"\""ip\"":\""10.130.186.102\""","{""log"":""[2023-04-11T14:14:08.467"," INFO index.js [line:1591,test_id:TES1010430491681222282623778","{\""time\""","\nTue Apr 11 2023 14:14:08 GMT+0000 (UTC) :: index.js(39) :: expired key => TES1010430491681218844912899-browserprofile""}","{""log"":""[2023-04-11T14:14:08.467] INFO index.js [line:1591,test_id:TES1010430491681222282623778] paste-data response-time - {\""time\"":0,\""ip\"":\""10.130.186.102\""}\nTue Apr 11 2023 14:14:08 GMT+0000 (UTC) :: index.js(39) :: expired key => TES1010430491681218844912899-browserprofile""}"
1.68E+12,11/04/2023 19:44:08.467 +0530,update-proxy,16,"\""ip\"":\""10.130.186.102\""","{""log"":""[2023-04-11T14:14:08.467"," INFO index.js [line:1558,test_id:TES1010430491681222282623778","{\""time\""","""}","{""log"":""[2023-04-11T14:14:08.467] INFO index.js [line:1558,test_id:TES1010430491681222282623778] update-proxy response-time - {\""time\"":16,\""ip\"":\""10.130.186.102\""}""}"
1.68E+12,11/04/2023 19:41:23.479 +0530,request-browser-launch,337,"\""ip\"":\""10.130.186.102\""","{""log"":""[2023-04-11T14:11:23.479"," INFO test.js [line:4729,test_id:TES1010430491681222282623778,email:saraths@lambdatest.com","{\""time\""","""}","{""log"":""[2023-04-11T14:11:23.479] INFO test.js [line:4729,test_id:TES1010430491681222282623778,email:saraths@lambdatest.com] request-browser-launch response-time - {\""time\"":337,\""ip\"":\""10.130.186.102\""}""}"